anta,wedd,amun,ross,eais,apen
-0.0,37.7879303453108,-1.9129151397135797,12.974622862072358,18.771030381036105,14.824378168448053
