anta,wedd,amun,ross,eais,apen
0.0,2.6452695320344066,4.387583907131826,1.8625979228545166,11.442143537852044,2.5536331199112428
