anta,eais,wedd,amun,ross,apen
0,0.27209795341055726,-1.471784486780416,2.1510233407460326,0.5177848939696833,-0.6192596251283067
