anta,wedd,amun,ross,eais,apen
-0.0,41.71132467408839,-2.0261021457648725,12.964496741696095,18.717474311525795,17.71915023982813
