anta,wedd,amun,ross,eais,apen
-0.0,41.954204237078244,-1.8139019656387554,12.968711173558242,18.756591148215772,17.65752189224085
