anta,wedd,amun,ross,eais,apen
0.0,2.7255898210893355,4.160758739737461,1.846188795418,11.516868038561876,2.4766942809614156
