anta,wedd,amun,ross,eais,apen
0.0,2.973488304113358,3.7354027091184516,1.9113256129876446,11.491690816005073,2.931000469549937
